{
  "movies": [
    {
      "id": "1",
      "title": "KGF Chapter 1",
      "genre": "Action",
      "seats": 60,
      "img": "https://m.media-amazon.com/images/M/MV5BNDVlYWYzNDUtZTM3Ny00OTI5LThiZDQtNTA0YjFhMTE1YTdjXkEyXkFqcGc@._V1_.jpg"
    },
    {
      "id": "2",
      "title": "KGF Chapter 2",
      "genre": "Action",
      "seats": 70,
      "img": "https://m.media-amazon.com/images/S/pv-target-images/dbe30e1e25813a698e0da679a5968c380bd2d1b4e6966394d4c964c6b3301896.jpg"
    },
    {
      "id": "3",
      "title": "18th Cross ",
      "genre": "Action",
      "seats": 70,
      "img": "https://tse4.mm.bing.net/th/id/OIP.My4pov6HGVHyR_6aqQUEFQHaEK?pid=Api&P=0&h=180"
    },
    {
      "id": "4",
      "title": "27 Mavalli Circle",
      "genre": "Action",
      "seats": 69,
      "img": "https://tse1.mm.bing.net/th/id/OIP.VPgzoYkRaMxKF-QBNmClcgHaEK?pid=Api&P=0&h=180"
    },
    {
      "id": "5",
      "title": "1st Rank Raju ",
      "genre": "Action",
      "seats": 70,
      "img": "https://tse3.mm.bing.net/th/id/OIP.pjl49jTUs4KqBa7HfXTIlQHaFn?pid=Api&P=0&h=180"
    }
  ],
  "sports": [
    {
      "id": "1",
      "title": "Cricket",
      "team": "RCB vs CSK",
      "seats": 34000,
      "img": "https://www.financialexpress.com/wp-content/uploads/2025/03/FotoJet-2025-03-28T111058.597.jpg",
      "stadium": " M Chinnaswamy stadium"
    },
    {
      "id": "2",
      "title": "Football",
      "team": "BFC vs GFC",
      "seats": 15000,
      "img": "https://www.indiansuperleague.com/static-assets/waf-images/e9/d2/80/4-3/kprHm8FCQ1.png?v=100.71&w=1024",
      "stadium": "Kanteerava stadium "
    },
    {
      "id": "3",
      "title": "Cricket",
      "team": "RCB vs PBKS",
      "seats": 35000,
      "img": "https://tse4.mm.bing.net/th/id/OIP.71lu4_5u9ktw5zU7BOGNlgHaED?pid=Api&P=0&h=180",
      "stadium": " M Chinnaswamy stadium"
    },
    {
      "id": "4",
      "title": "Football",
      "team": "BFC vs KFBC",
      "seats": 15000,
      "img": "https://tse1.mm.bing.net/th/id/OIP.9Gbk3fgizmpfbW69AwTUxAHaEK?pid=Api&P=0&h=180",
      "stadium": "Kanteerava stadium "
    },
    {
      "id": "5",
      "title": "Cricket",
      "team": "KKR vs RCB",
      "seats": 35000,
      "img": "https://tse2.mm.bing.net/th/id/OIF.lnhmyv2PcLXQ6Q91X2XV5A?pid=Api&P=0&h=180",
      "stadium": " M Chinnaswamy stadium"
    }
  ],
  "booking": [
    {
      "id": "836d",
      "name": "milindcs",
      "email": "shmilind2000@gmail.com",
      "phone": "9110483491",
      "seats": 10,
      "refID": "1",
      "title": "KGF Chapter 1",
      "type": "movies"
    },
    {
      "id": "e460",
      "name": "milindcs",
      "email": "shmilind2000@gmail.com",
      "phone": "9110483491",
      "seats": 1,
      "refID": "4",
      "title": "27 Mavalli Circle",
      "type": "movies"
    }
  ],
  "createaccount": [
    {
      "id": "8708",
      "username": "Milind",
      "email": "milind20001964@gmail.com",
      "phone": "9110483491",
      "password": "123456"
    },
    {
      "id": "dccd",
      "username": "Ankush",
      "email": "a@gmail.com",
      "phone": "9110483491",
      "password": "123456"
    }
  ]
}